Workbook

Sheet Palette
A1: Code | B1: Tile | C1: Code | D1: Tile | E1: Rule
A2: T00 | B2: #VALUE! | C2: T20 | D2: #VALUE! | E2: R00 | F2: #VALUE! | G2: #VALUE! | H2: #VALUE!
A3: T01 | B3: #VALUE! | C3: T21 | D3: #VALUE! | E3: R01 | F3: #VALUE! | G3: #VALUE!
A4: T02 | B4: #VALUE! | C4: T22 | D4: #VALUE! | E4: R02 | F4: #VALUE! | G4: #VALUE!
A5: T03 | B5: #VALUE! | E5: R03 | F5: #VALUE! | G5: #VALUE! | H5: #VALUE!
A6: T04 | B6: #VALUE!
A7: T05 | B7: #VALUE! | C7: T25 | D7: #VALUE!
A8: T06 | B8: #VALUE! | C8: T26 | D8: #VALUE!
A9: T07 | B9: #VALUE! | C9: T27 | D9: #VALUE!
A10: T08 | B10: #VALUE! | C10: T28 | D10: #VALUE!
A11: T09 | B11: #VALUE! | C11: T29 | D11: #VALUE!
A12: T10 | C12: T30 | D12: #VALUE!
A13: T11 | B13: #VALUE!
A14: T12 | B14: #VALUE!
A15: T13 | B15: #VALUE!
A16: T14 | B16: #VALUE!
A17: T15 | B17: #VALUE!
A18: T16 | B18: #VALUE!
A19: T17 | B19: #VALUE!
A20: T18 | B20: #VALUE!
A21: T19

Sheet Editeur
A1: T00 | B1: T00 | C1: T00 | D1: T00 | E1: T00 | F1: T00 | G1: T00 | H1: T00 | I1: T00 | J1: T00 | K1: T00 | L1: T00 | M1: T00 | N1: T00 | O1: T00 | P1: T00 | Q1: T00 | R1: T00 | S1: T00 | T1: T00 | U1: T00 | V1: T00 | W1: T00 | X1: T00 | Y1: T00 | Z1: T00 | AA1: T00 | AB1: T00 | AC1: T00 | AD1: T00 | AE1: T00 | AF1: T00 | AG1: ENDLINE
A2: T00 | B2: T01 | C2: R02 | D2: R02 | E2: R02 | F2: R02 | G2: T02 | H2: R02 | I2: R02 | J2: T01 | K2: T02 | L2: R02 | M2: R02 | N2: T01 | O2: T02 | P2: R02 | Q2: R02 | R2: T01 | S2: T02 | T2: R02 | U2: R02 | V2: T01 | W2: T02 | X2: R02 | Y2: R02 | Z2: T01 | AA2: T02 | AB2: R02 | AC2: R02 | AD2: T01 | AE2: T02 | AF2: T00 | AG2: ENDLINE
A3: T00 | B3: T05 | C3: T06 | D3: T17 | E3: T17 | F3: T05 | G3: T06 | H3: R00 | I3: R00 | J3: T05 | K3: T06 | L3: R00 | M3: R00 | N3: T05 | O3: T06 | P3: R00 | Q3: R00 | R3: T05 | S3: T06 | T3: R00 | U3: R00 | V3: T05 | W3: T06 | X3: R00 | Y3: R00 | Z3: T05 | AA3: T06 | AB3: R00 | AC3: R00 | AD3: T05 | AE3: T06 | AF3: T00 | AG3: ENDLINE
A4: T00 | B4: T26 | C4: T17 | D4: R00 | E4: R00 | F4: T17 | G4: T17 | H4: R00 | I4: R00 | J4: T17 | K4: T26 | L4: R00 | M4: R00 | N4: T17 | O4: T17 | P4: R00 | Q4: R00 | R4: T17 | S4: T17 | T4: R00 | U4: R00 | V4: T26 | W4: T17 | X4: R00 | Y4: R00 | Z4: T17 | AA4: T17 | AB4: R00 | AC4: R00 | AD4: T17 | AE4: T26 | AF4: T00 | AG4: ENDLINE
A5: T00 | B5: T26 | C5: R00 | D5: R00 | E5: R00 | F5: R00 | G5: R00 | H5: R00 | I5: R00 | J5: R00 | K5: T26 | L5: R00 | M5: R00 | N5: R00 | O5: R00 | P5: R00 | Q5: R00 | R5: R00 | S5: R00 | T5: R00 | U5: R00 | V5: T26 | W5: R00 | X5: R00 | Y5: R00 | Z5: R00 | AA5: R00 | AB5: R00 | AC5: R00 | AD5: R00 | AE5: T26 | AF5: T00 | AG5: ENDLINE
A6: T00 | B6: T26 | C6: R00 | D6: R00 | E6: R00 | F6: R00 | G6: R00 | H6: R00 | I6: R00 | J6: R00 | K6: T26 | L6: R00 | M6: R00 | N6: R00 | O6: R00 | P6: R00 | Q6: R00 | R6: R00 | S6: R00 | T6: R00 | U6: R00 | V6: T26 | W6: R00 | X6: R00 | Y6: R00 | Z6: R00 | AA6: R00 | AB6: R00 | AC6: R00 | AD6: R00 | AE6: T26 | AF6: T00 | AG6: ENDLINE
A7: T00 | B7: T05 | C7: T02 | D7: R00 | E7: R00 | F7: T01 | G7: T02 | H7: R00 | I7: R00 | J7: T01 | K7: R00 | L7: R02 | M7: R02 | N7: R02 | O7: T02 | P7: R00 | Q7: R00 | R7: T01 | S7: R02 | T7: R02 | U7: R02 | V7: R00 | W7: T02 | X7: R00 | Y7: R00 | Z7: T01 | AA7: T02 | AB7: R00 | AC7: R00 | AD7: T01 | AE7: T06 | AF7: T00 | AG7: ENDLINE
A8: T00 | B8: T05 | C8: T06 | D8: R00 | E8: R00 | F8: T05 | G8: T06 | H8: R00 | I8: R00 | J8: T05 | K8: T06 | L8: T17 | M8: T17 | N8: T05 | O8: T06 | P8: R00 | Q8: R00 | R8: T05 | S8: T06 | T8: T17 | U8: T17 | V8: T05 | W8: T06 | X8: R00 | Y8: R00 | Z8: T05 | AA8: T06 | AB8: R00 | AC8: R00 | AD8: T05 | AE8: T06 | AF8: T00 | AG8: ENDLINE
A9: T00 | B9: T26 | C9: T17 | D9: R00 | E9: R00 | F9: T17 | G9: T17 | H9: R00 | I9: R00 | J9: T17 | K9: T17 | L9: R00 | M9: R00 | N9: T26 | O9: T17 | P9: R00 | Q9: R00 | R9: T17 | S9: T26 | T9: R00 | U9: R00 | V9: T17 | W9: T17 | X9: R00 | Y9: R00 | Z9: T17 | AA9: T17 | AB9: R00 | AC9: R00 | AD9: T17 | AE9: T26 | AF9: T00 | AG9: ENDLINE
A10: T00 | B10: T26 | C10: R00 | D10: R00 | E10: R00 | F10: R00 | G10: R00 | H10: R00 | I10: R00 | J10: R00 | K10: R00 | L10: R00 | M10: R00 | N10: T26 | O10: R00 | P10: R00 | Q10: R00 | R10: R00 | S10: T26 | T10: R00 | U10: R00 | V10: R00 | W10: R00 | X10: R00 | Y10: R00 | Z10: R00 | AA10: R00 | AB10: R00 | AC10: R00 | AD10: R00 | AE10: T26 | AF10: T00 | AG10: ENDLINE
A11: T00 | B11: T26 | C11: R00 | D11: R00 | E11: R00 | F11: R00 | G11: R00 | H11: R00 | I11: R00 | J11: R00 | K11: R00 | L11: R00 | M11: R00 | N11: T26 | O11: R00 | P11: R00 | Q11: R00 | R11: R00 | S11: T26 | T11: R00 | U11: R00 | V11: R00 | W11: R00 | X11: R00 | Y11: R00 | Z11: R00 | AA11: R00 | AB11: R00 | AC11: R00 | AD11: R00 | AE11: T26 | AF11: T00 | AG11: ENDLINE
A12: T00 | B12: T05 | C12: R02 | D12: R02 | E12: R02 | F12: R02 | G12: R02 | H12: R02 | I12: R02 | J12: R02 | K12: T02 | L12: R00 | M12: R00 | N12: T05 | O12: T02 | P12: R00 | Q12: R00 | R12: T01 | S12: T06 | T12: R00 | U12: R00 | V12: T01 | W12: T02 | X12: R00 | Y12: R00 | Z12: T01 | AA12: T02 | AB12: R00 | AC12: R00 | AD12: T01 | AE12: T06 | AF12: T00 | AG12: ENDLINE
... A25: T00 | B25: T00 | C25: T00 | D25: T00 | E25: T00 | F25: T00 | G25: T00 | H25: T00 | I25: T00 | J25: T00 | K25: T00 | L25: T00 | M25: T00 | N25: T00 | O25: T00 | P25: T00 | Q25: T00 | R25: T00 | S25: T00 | T25: T00 | U25: T00 | V25: T00 | W25: T00 | X25: T00 | Y25: T00 | Z25: T00 | AA25: T00 | AB25: T00 | AC25: T00 | AD25: T00 | AE25: T00 | AF25: T00 | AG25: ENDLINE

Sheet Visuel
A1: =IFERROR(VLOOKUP(Editeur!A1, Palette!$A$1:$B$20, 2, FALSE), IFERROR(VLOOKUP(Editeur!A1, Palette!$C$1:$D$20, 2, FALSE), IFERROR(VLOOKUP(Editeur!A1, Palette!$E$1:$F$20, 2, FALSE), ""))) -> #VALUE! | B1: =IFERROR(VLOOKUP(Editeur!B1, Palette!$A$1:$B$20, 2, FALSE), IFERROR(VLOOKUP(Editeur!B1, Palette!$C$1:$D$20, 2, FALSE), IFERROR(VLOOKUP(Editeur!B1, Palette!$E$1:$F$20, 2, FALSE), ""))) -> #VALUE! | C1: =IFERROR(VLOOKUP(Editeur!C1, Palette!$A$1:$B$20, 2, FALSE), IFERROR(VLOOKUP(Editeur!C1, Palette!$C$1:$D$20, 2, FALSE), IFERROR(VLOOKUP(Editeur!C1, Palette!$E$1:$F$20, 2, FALSE), ""))) -> #VALUE! | D1: =IFERROR(VLOOKUP(Editeur!D1, Palette!$A$1:$B$20, 2, FALSE), IFERROR(VLOOKUP(Editeur!D1, Palette!$C$1:$D$20, 2, FALSE), IFERROR(VLOOKUP(Editeur!D1, Palette!$E$1:$F$20, 2, FALSE), ""))) -> #VALUE! | E1: =IFERROR(VLOOKUP(Editeur!E1, Palette!$A$1:$B$20, 2, FALSE), IFERROR(VLOOKUP(Editeur!E1, Palette!$C$1:$D$20, 2, FALSE), IFERROR(VLOOKUP(Editeur!E1, Palette!$E$1:$F$20, 2, FALSE), ""))) -> #VALUE! | F1: =IFERROR(VLOOKUP(Editeur!F1, Palette!$A$1:$B$20, 2, FALSE), IFERROR(VLOOKUP(Editeur!F1, Palette!$C$1:$D$20, 2, FALSE), IFERROR(VLOOKUP(Editeur!F1, Palette!$E$1:$F$20, 2, FALSE), ""))) -> #VALUE! | G1: =IFERROR(VLOOKUP(Editeur!G1, Palette!$A$1:$B$20, 2, FALSE), IFERROR(VLOOKUP(Editeur!G1, Palette!$C$1:$D$20, 2, FALSE), IFERROR(VLOOKUP(Editeur!G1, Palette!$E$1:$F$20, 2, FALSE), ""))) -> #VALUE! | H1: =IFERROR(VLOOKUP(Editeur!H1, Palette!$A$1:$B$20, 2, FALSE), IFERROR(VLOOKUP(Editeur!H1, Palette!$C$1:$D$20, 2, FALSE), IFERROR(VLOOKUP(Editeur!H1, Palette!$E$1:$F$20, 2, FALSE), ""))) -> #VALUE! | ... CR1: =IFERROR(VLOOKUP(Editeur!CR1, Palette!$A$1:$B$20, 2, FALSE), IFERROR(VLOOKUP(Editeur!CR1, Palette!$C$1:$D$20, 2, FALSE), IFERROR(VLOOKUP(Editeur!CR1, Palette!$E$1:$F$20, 2, FALSE), "")))
A2: =IFERROR(VLOOKUP(Editeur!A2, Palette!$A$1:$B$20, 2, FALSE), IFERROR(VLOOKUP(Editeur!A2, Palette!$C$1:$D$20, 2, FALSE), IFERROR(VLOOKUP(Editeur!A2, Palette!$E$1:$F$20, 2, FALSE), ""))) -> #VALUE! | B2: =IFERROR(VLOOKUP(Editeur!B2, Palette!$A$1:$B$20, 2, FALSE), IFERROR(VLOOKUP(Editeur!B2, Palette!$C$1:$D$20, 2, FALSE), IFERROR(VLOOKUP(Editeur!B2, Palette!$E$1:$F$20, 2, FALSE), ""))) -> #VALUE! | C2: =IFERROR(VLOOKUP(Editeur!C2, Palette!$A$1:$B$20, 2, FALSE), IFERROR(VLOOKUP(Editeur!C2, Palette!$C$1:$D$20, 2, FALSE), IFERROR(VLOOKUP(Editeur!C2, Palette!$E$1:$F$20, 2, FALSE), ""))) -> #VALUE! | D2: =IFERROR(VLOOKUP(Editeur!D2, Palette!$A$1:$B$20, 2, FALSE), IFERROR(VLOOKUP(Editeur!D2, Palette!$C$1:$D$20, 2, FALSE), IFERROR(VLOOKUP(Editeur!D2, Palette!$E$1:$F$20, 2, FALSE), ""))) -> #VALUE! | E2: =IFERROR(VLOOKUP(Editeur!E2, Palette!$A$1:$B$20, 2, FALSE), IFERROR(VLOOKUP(Editeur!E2, Palette!$C$1:$D$20, 2, FALSE), IFERROR(VLOOKUP(Editeur!E2, Palette!$E$1:$F$20, 2, FALSE), ""))) -> #VALUE! | F2: =IFERROR(VLOOKUP(Editeur!F2, Palette!$A$1:$B$20, 2, FALSE), IFERROR(VLOOKUP(Editeur!F2, Palette!$C$1:$D$20, 2, FALSE), IFERROR(VLOOKUP(Editeur!F2, Palette!$E$1:$F$20, 2, FALSE), ""))) -> #VALUE! | G2: =IFERROR(VLOOKUP(Editeur!G2, Palette!$A$1:$B$20, 2, FALSE), IFERROR(VLOOKUP(Editeur!G2, Palette!$C$1:$D$20, 2, FALSE), IFERROR(VLOOKUP(Editeur!G2, Palette!$E$1:$F$20, 2, FALSE), ""))) -> #VALUE! | H2: =IFERROR(VLOOKUP(Editeur!H2, Palette!$A$1:$B$20, 2, FALSE), IFERROR(VLOOKUP(Editeur!H2, Palette!$C$1:$D$20, 2, FALSE), IFERROR(VLOOKUP(Editeur!H2, Palette!$E$1:$F$20, 2, FALSE), ""))) -> #VALUE! | ... CR2: =IFERROR(VLOOKUP(Editeur!CR2, Palette!$A$1:$B$20, 2, FALSE), IFERROR(VLOOKUP(Editeur!CR2, Palette!$C$1:$D$20, 2, FALSE), IFERROR(VLOOKUP(Editeur!CR2, Palette!$E$1:$F$20, 2, FALSE), "")))
A3: =IFERROR(VLOOKUP(Editeur!A3, Palette!$A$1:$B$20, 2, FALSE), IFERROR(VLOOKUP(Editeur!A3, Palette!$C$1:$D$20, 2, FALSE), IFERROR(VLOOKUP(Editeur!A3, Palette!$E$1:$F$20, 2, FALSE), ""))) -> #VALUE! | B3: =IFERROR(VLOOKUP(Editeur!B3, Palette!$A$1:$B$20, 2, FALSE), IFERROR(VLOOKUP(Editeur!B3, Palette!$C$1:$D$20, 2, FALSE), IFERROR(VLOOKUP(Editeur!B3, Palette!$E$1:$F$20, 2, FALSE), ""))) -> #VALUE! | C3: =IFERROR(VLOOKUP(Editeur!C3, Palette!$A$1:$B$20, 2, FALSE), IFERROR(VLOOKUP(Editeur!C3, Palette!$C$1:$D$20, 2, FALSE), IFERROR(VLOOKUP(Editeur!C3, Palette!$E$1:$F$20, 2, FALSE), ""))) -> #VALUE! | D3: =IFERROR(VLOOKUP(Editeur!D3, Palette!$A$1:$B$20, 2, FALSE), IFERROR(VLOOKUP(Editeur!D3, Palette!$C$1:$D$20, 2, FALSE), IFERROR(VLOOKUP(Editeur!D3, Palette!$E$1:$F$20, 2, FALSE), ""))) -> #VALUE! | E3: =IFERROR(VLOOKUP(Editeur!E3, Palette!$A$1:$B$20, 2, FALSE), IFERROR(VLOOKUP(Editeur!E3, Palette!$C$1:$D$20, 2, FALSE), IFERROR(VLOOKUP(Editeur!E3, Palette!$E$1:$F$20, 2, FALSE), ""))) -> #VALUE! | F3: =IFERROR(VLOOKUP(Editeur!F3, Palette!$A$1:$B$20, 2, FALSE), IFERROR(VLOOKUP(Editeur!F3, Palette!$C$1:$D$20, 2, FALSE), IFERROR(VLOOKUP(Editeur!F3, Palette!$E$1:$F$20, 2, FALSE), ""))) -> #VALUE! | G3: =IFERROR(VLOOKUP(Editeur!G3, Palette!$A$1:$B$20, 2, FALSE), IFERROR(VLOOKUP(Editeur!G3, Palette!$C$1:$D$20, 2, FALSE), IFERROR(VLOOKUP(Editeur!G3, Palette!$E$1:$F$20, 2, FALSE), ""))) -> #VALUE! | H3: =IFERROR(VLOOKUP(Editeur!H3, Palette!$A$1:$B$20, 2, FALSE), IFERROR(VLOOKUP(Editeur!H3, Palette!$C$1:$D$20, 2, FALSE), IFERROR(VLOOKUP(Editeur!H3, Palette!$E$1:$F$20, 2, FALSE), ""))) -> #VALUE! | ... CR3: =IFERROR(VLOOKUP(Editeur!CR3, Palette!$A$1:$B$20, 2, FALSE), IFERROR(VLOOKUP(Editeur!CR3, Palette!$C$1:$D$20, 2, FALSE), IFERROR(VLOOKUP(Editeur!CR3, Palette!$E$1:$F$20, 2, FALSE), "")))
A4: =IFERROR(VLOOKUP(Editeur!A4, Palette!$A$1:$B$20, 2, FALSE), IFERROR(VLOOKUP(Editeur!A4, Palette!$C$1:$D$20, 2, FALSE), IFERROR(VLOOKUP(Editeur!A4, Palette!$E$1:$F$20, 2, FALSE), ""))) -> #VALUE! | B4: =IFERROR(VLOOKUP(Editeur!B4, Palette!$A$1:$B$20, 2, FALSE), IFERROR(VLOOKUP(Editeur!B4, Palette!$C$1:$D$20, 2, FALSE), IFERROR(VLOOKUP(Editeur!B4, Palette!$E$1:$F$20, 2, FALSE), ""))) -> #VALUE! | C4: =IFERROR(VLOOKUP(Editeur!C4, Palette!$A$1:$B$20, 2, FALSE), IFERROR(VLOOKUP(Editeur!C4, Palette!$C$1:$D$20, 2, FALSE), IFERROR(VLOOKUP(Editeur!C4, Palette!$E$1:$F$20, 2, FALSE), ""))) -> #VALUE! | D4: =IFERROR(VLOOKUP(Editeur!D4, Palette!$A$1:$B$20, 2, FALSE), IFERROR(VLOOKUP(Editeur!D4, Palette!$C$1:$D$20, 2, FALSE), IFERROR(VLOOKUP(Editeur!D4, Palette!$E$1:$F$20, 2, FALSE), ""))) -> #VALUE! | E4: =IFERROR(VLOOKUP(Editeur!E4, Palette!$A$1:$B$20, 2, FALSE), IFERROR(VLOOKUP(Editeur!E4, Palette!$C$1:$D$20, 2, FALSE), IFERROR(VLOOKUP(Editeur!E4, Palette!$E$1:$F$20, 2, FALSE), ""))) -> #VALUE! | F4: =IFERROR(VLOOKUP(Editeur!F4, Palette!$A$1:$B$20, 2, FALSE), IFERROR(VLOOKUP(Editeur!F4, Palette!$C$1:$D$20, 2, FALSE), IFERROR(VLOOKUP(Editeur!F4, Palette!$E$1:$F$20, 2, FALSE), ""))) -> #VALUE! | G4: =IFERROR(VLOOKUP(Editeur!G4, Palette!$A$1:$B$20, 2, FALSE), IFERROR(VLOOKUP(Editeur!G4, Palette!$C$1:$D$20, 2, FALSE), IFERROR(VLOOKUP(Editeur!G4, Palette!$E$1:$F$20, 2, FALSE), ""))) -> #VALUE! | H4: =IFERROR(VLOOKUP(Editeur!H4, Palette!$A$1:$B$20, 2, FALSE), IFERROR(VLOOKUP(Editeur!H4, Palette!$C$1:$D$20, 2, FALSE), IFERROR(VLOOKUP(Editeur!H4, Palette!$E$1:$F$20, 2, FALSE), ""))) -> #VALUE! | ... CR4: =IFERROR(VLOOKUP(Editeur!CR4, Palette!$A$1:$B$20, 2, FALSE), IFERROR(VLOOKUP(Editeur!CR4, Palette!$C$1:$D$20, 2, FALSE), IFERROR(VLOOKUP(Editeur!CR4, Palette!$E$1:$F$20, 2, FALSE), "")))
A5: =IFERROR(VLOOKUP(Editeur!A5, Palette!$A$1:$B$20, 2, FALSE), IFERROR(VLOOKUP(Editeur!A5, Palette!$C$1:$D$20, 2, FALSE), IFERROR(VLOOKUP(Editeur!A5, Palette!$E$1:$F$20, 2, FALSE), ""))) -> #VALUE! | B5: =IFERROR(VLOOKUP(Editeur!B5, Palette!$A$1:$B$20, 2, FALSE), IFERROR(VLOOKUP(Editeur!B5, Palette!$C$1:$D$20, 2, FALSE), IFERROR(VLOOKUP(Editeur!B5, Palette!$E$1:$F$20, 2, FALSE), ""))) -> #VALUE! | C5: =IFERROR(VLOOKUP(Editeur!C5, Palette!$A$1:$B$20, 2, FALSE), IFERROR(VLOOKUP(Editeur!C5, Palette!$C$1:$D$20, 2, FALSE), IFERROR(VLOOKUP(Editeur!C5, Palette!$E$1:$F$20, 2, FALSE), ""))) -> #VALUE! | D5: =IFERROR(VLOOKUP(Editeur!D5, Palette!$A$1:$B$20, 2, FALSE), IFERROR(VLOOKUP(Editeur!D5, Palette!$C$1:$D$20, 2, FALSE), IFERROR(VLOOKUP(Editeur!D5, Palette!$E$1:$F$20, 2, FALSE), ""))) -> #VALUE! | E5: =IFERROR(VLOOKUP(Editeur!E5, Palette!$A$1:$B$20, 2, FALSE), IFERROR(VLOOKUP(Editeur!E5, Palette!$C$1:$D$20, 2, FALSE), IFERROR(VLOOKUP(Editeur!E5, Palette!$E$1:$F$20, 2, FALSE), ""))) -> #VALUE! | F5: =IFERROR(VLOOKUP(Editeur!F5, Palette!$A$1:$B$20, 2, FALSE), IFERROR(VLOOKUP(Editeur!F5, Palette!$C$1:$D$20, 2, FALSE), IFERROR(VLOOKUP(Editeur!F5, Palette!$E$1:$F$20, 2, FALSE), ""))) -> #VALUE! | G5: =IFERROR(VLOOKUP(Editeur!G5, Palette!$A$1:$B$20, 2, FALSE), IFERROR(VLOOKUP(Editeur!G5, Palette!$C$1:$D$20, 2, FALSE), IFERROR(VLOOKUP(Editeur!G5, Palette!$E$1:$F$20, 2, FALSE), ""))) -> #VALUE! | H5: =IFERROR(VLOOKUP(Editeur!H5, Palette!$A$1:$B$20, 2, FALSE), IFERROR(VLOOKUP(Editeur!H5, Palette!$C$1:$D$20, 2, FALSE), IFERROR(VLOOKUP(Editeur!H5, Palette!$E$1:$F$20, 2, FALSE), ""))) -> #VALUE! | ... CR5: =IFERROR(VLOOKUP(Editeur!CR5, Palette!$A$1:$B$20, 2, FALSE), IFERROR(VLOOKUP(Editeur!CR5, Palette!$C$1:$D$20, 2, FALSE), IFERROR(VLOOKUP(Editeur!CR5, Palette!$E$1:$F$20, 2, FALSE), "")))
A6: =IFERROR(VLOOKUP(Editeur!A6, Palette!$A$1:$B$20, 2, FALSE), IFERROR(VLOOKUP(Editeur!A6, Palette!$C$1:$D$20, 2, FALSE), IFERROR(VLOOKUP(Editeur!A6, Palette!$E$1:$F$20, 2, FALSE), ""))) -> #VALUE! | B6: =IFERROR(VLOOKUP(Editeur!B6, Palette!$A$1:$B$20, 2, FALSE), IFERROR(VLOOKUP(Editeur!B6, Palette!$C$1:$D$20, 2, FALSE), IFERROR(VLOOKUP(Editeur!B6, Palette!$E$1:$F$20, 2, FALSE), ""))) -> #VALUE! | C6: =IFERROR(VLOOKUP(Editeur!C6, Palette!$A$1:$B$20, 2, FALSE), IFERROR(VLOOKUP(Editeur!C6, Palette!$C$1:$D$20, 2, FALSE), IFERROR(VLOOKUP(Editeur!C6, Palette!$E$1:$F$20, 2, FALSE), ""))) -> #VALUE! | D6: =IFERROR(VLOOKUP(Editeur!D6, Palette!$A$1:$B$20, 2, FALSE), IFERROR(VLOOKUP(Editeur!D6, Palette!$C$1:$D$20, 2, FALSE), IFERROR(VLOOKUP(Editeur!D6, Palette!$E$1:$F$20, 2, FALSE), ""))) -> #VALUE! | E6: =IFERROR(VLOOKUP(Editeur!E6, Palette!$A$1:$B$20, 2, FALSE), IFERROR(VLOOKUP(Editeur!E6, Palette!$C$1:$D$20, 2, FALSE), IFERROR(VLOOKUP(Editeur!E6, Palette!$E$1:$F$20, 2, FALSE), ""))) -> #VALUE! | F6: =IFERROR(VLOOKUP(Editeur!F6, Palette!$A$1:$B$20, 2, FALSE), IFERROR(VLOOKUP(Editeur!F6, Palette!$C$1:$D$20, 2, FALSE), IFERROR(VLOOKUP(Editeur!F6, Palette!$E$1:$F$20, 2, FALSE), ""))) -> #VALUE! | G6: =IFERROR(VLOOKUP(Editeur!G6, Palette!$A$1:$B$20, 2, FALSE), IFERROR(VLOOKUP(Editeur!G6, Palette!$C$1:$D$20, 2, FALSE), IFERROR(VLOOKUP(Editeur!G6, Palette!$E$1:$F$20, 2, FALSE), ""))) -> #VALUE! | H6: =IFERROR(VLOOKUP(Editeur!H6, Palette!$A$1:$B$20, 2, FALSE), IFERROR(VLOOKUP(Editeur!H6, Palette!$C$1:$D$20, 2, FALSE), IFERROR(VLOOKUP(Editeur!H6, Palette!$E$1:$F$20, 2, FALSE), ""))) -> #VALUE! | ... CR6: =IFERROR(VLOOKUP(Editeur!CR6, Palette!$A$1:$B$20, 2, FALSE), IFERROR(VLOOKUP(Editeur!CR6, Palette!$C$1:$D$20, 2, FALSE), IFERROR(VLOOKUP(Editeur!CR6, Palette!$E$1:$F$20, 2, FALSE), "")))
A7: =IFERROR(VLOOKUP(Editeur!A7, Palette!$A$1:$B$20, 2, FALSE), IFERROR(VLOOKUP(Editeur!A7, Palette!$C$1:$D$20, 2, FALSE), IFERROR(VLOOKUP(Editeur!A7, Palette!$E$1:$F$20, 2, FALSE), ""))) -> #VALUE! | B7: =IFERROR(VLOOKUP(Editeur!B7, Palette!$A$1:$B$20, 2, FALSE), IFERROR(VLOOKUP(Editeur!B7, Palette!$C$1:$D$20, 2, FALSE), IFERROR(VLOOKUP(Editeur!B7, Palette!$E$1:$F$20, 2, FALSE), ""))) -> #VALUE! | C7: =IFERROR(VLOOKUP(Editeur!C7, Palette!$A$1:$B$20, 2, FALSE), IFERROR(VLOOKUP(Editeur!C7, Palette!$C$1:$D$20, 2, FALSE), IFERROR(VLOOKUP(Editeur!C7, Palette!$E$1:$F$20, 2, FALSE), ""))) -> #VALUE! | D7: =IFERROR(VLOOKUP(Editeur!D7, Palette!$A$1:$B$20, 2, FALSE), IFERROR(VLOOKUP(Editeur!D7, Palette!$C$1:$D$20, 2, FALSE), IFERROR(VLOOKUP(Editeur!D7, Palette!$E$1:$F$20, 2, FALSE), ""))) -> #VALUE! | E7: =IFERROR(VLOOKUP(Editeur!E7, Palette!$A$1:$B$20, 2, FALSE), IFERROR(VLOOKUP(Editeur!E7, Palette!$C$1:$D$20, 2, FALSE), IFERROR(VLOOKUP(Editeur!E7, Palette!$E$1:$F$20, 2, FALSE), ""))) -> #VALUE! | F7: =IFERROR(VLOOKUP(Editeur!F7, Palette!$A$1:$B$20, 2, FALSE), IFERROR(VLOOKUP(Editeur!F7, Palette!$C$1:$D$20, 2, FALSE), IFERROR(VLOOKUP(Editeur!F7, Palette!$E$1:$F$20, 2, FALSE), ""))) -> #VALUE! | G7: =IFERROR(VLOOKUP(Editeur!G7, Palette!$A$1:$B$20, 2, FALSE), IFERROR(VLOOKUP(Editeur!G7, Palette!$C$1:$D$20, 2, FALSE), IFERROR(VLOOKUP(Editeur!G7, Palette!$E$1:$F$20, 2, FALSE), ""))) -> #VALUE! | H7: =IFERROR(VLOOKUP(Editeur!H7, Palette!$A$1:$B$20, 2, FALSE), IFERROR(VLOOKUP(Editeur!H7, Palette!$C$1:$D$20, 2, FALSE), IFERROR(VLOOKUP(Editeur!H7, Palette!$E$1:$F$20, 2, FALSE), ""))) -> #VALUE! | ... CR7: =IFERROR(VLOOKUP(Editeur!CR7, Palette!$A$1:$B$20, 2, FALSE), IFERROR(VLOOKUP(Editeur!CR7, Palette!$C$1:$D$20, 2, FALSE), IFERROR(VLOOKUP(Editeur!CR7, Palette!$E$1:$F$20, 2, FALSE), "")))
A8: =IFERROR(VLOOKUP(Editeur!A8, Palette!$A$1:$B$20, 2, FALSE), IFERROR(VLOOKUP(Editeur!A8, Palette!$C$1:$D$20, 2, FALSE), IFERROR(VLOOKUP(Editeur!A8, Palette!$E$1:$F$20, 2, FALSE), ""))) -> #VALUE! | B8: =IFERROR(VLOOKUP(Editeur!B8, Palette!$A$1:$B$20, 2, FALSE), IFERROR(VLOOKUP(Editeur!B8, Palette!$C$1:$D$20, 2, FALSE), IFERROR(VLOOKUP(Editeur!B8, Palette!$E$1:$F$20, 2, FALSE), ""))) -> #VALUE! | C8: =IFERROR(VLOOKUP(Editeur!C8, Palette!$A$1:$B$20, 2, FALSE), IFERROR(VLOOKUP(Editeur!C8, Palette!$C$1:$D$20, 2, FALSE), IFERROR(VLOOKUP(Editeur!C8, Palette!$E$1:$F$20, 2, FALSE), ""))) -> #VALUE! | D8: =IFERROR(VLOOKUP(Editeur!D8, Palette!$A$1:$B$20, 2, FALSE), IFERROR(VLOOKUP(Editeur!D8, Palette!$C$1:$D$20, 2, FALSE), IFERROR(VLOOKUP(Editeur!D8, Palette!$E$1:$F$20, 2, FALSE), ""))) -> #VALUE! | E8: =IFERROR(VLOOKUP(Editeur!E8, Palette!$A$1:$B$20, 2, FALSE), IFERROR(VLOOKUP(Editeur!E8, Palette!$C$1:$D$20, 2, FALSE), IFERROR(VLOOKUP(Editeur!E8, Palette!$E$1:$F$20, 2, FALSE), ""))) -> #VALUE! | F8: =IFERROR(VLOOKUP(Editeur!F8, Palette!$A$1:$B$20, 2, FALSE), IFERROR(VLOOKUP(Editeur!F8, Palette!$C$1:$D$20, 2, FALSE), IFERROR(VLOOKUP(Editeur!F8, Palette!$E$1:$F$20, 2, FALSE), ""))) -> #VALUE! | G8: =IFERROR(VLOOKUP(Editeur!G8, Palette!$A$1:$B$20, 2, FALSE), IFERROR(VLOOKUP(Editeur!G8, Palette!$C$1:$D$20, 2, FALSE), IFERROR(VLOOKUP(Editeur!G8, Palette!$E$1:$F$20, 2, FALSE), ""))) -> #VALUE! | H8: =IFERROR(VLOOKUP(Editeur!H8, Palette!$A$1:$B$20, 2, FALSE), IFERROR(VLOOKUP(Editeur!H8, Palette!$C$1:$D$20, 2, FALSE), IFERROR(VLOOKUP(Editeur!H8, Palette!$E$1:$F$20, 2, FALSE), ""))) -> #VALUE! | ... CR8: =IFERROR(VLOOKUP(Editeur!CR8, Palette!$A$1:$B$20, 2, FALSE), IFERROR(VLOOKUP(Editeur!CR8, Palette!$C$1:$D$20, 2, FALSE), IFERROR(VLOOKUP(Editeur!CR8, Palette!$E$1:$F$20, 2, FALSE), "")))
A9: =IFERROR(VLOOKUP(Editeur!A9, Palette!$A$1:$B$20, 2, FALSE), IFERROR(VLOOKUP(Editeur!A9, Palette!$C$1:$D$20, 2, FALSE), IFERROR(VLOOKUP(Editeur!A9, Palette!$E$1:$F$20, 2, FALSE), ""))) -> #VALUE! | B9: =IFERROR(VLOOKUP(Editeur!B9, Palette!$A$1:$B$20, 2, FALSE), IFERROR(VLOOKUP(Editeur!B9, Palette!$C$1:$D$20, 2, FALSE), IFERROR(VLOOKUP(Editeur!B9, Palette!$E$1:$F$20, 2, FALSE), ""))) -> #VALUE! | C9: =IFERROR(VLOOKUP(Editeur!C9, Palette!$A$1:$B$20, 2, FALSE), IFERROR(VLOOKUP(Editeur!C9, Palette!$C$1:$D$20, 2, FALSE), IFERROR(VLOOKUP(Editeur!C9, Palette!$E$1:$F$20, 2, FALSE), ""))) -> #VALUE! | D9: =IFERROR(VLOOKUP(Editeur!D9, Palette!$A$1:$B$20, 2, FALSE), IFERROR(VLOOKUP(Editeur!D9, Palette!$C$1:$D$20, 2, FALSE), IFERROR(VLOOKUP(Editeur!D9, Palette!$E$1:$F$20, 2, FALSE), ""))) -> #VALUE! | E9: =IFERROR(VLOOKUP(Editeur!E9, Palette!$A$1:$B$20, 2, FALSE), IFERROR(VLOOKUP(Editeur!E9, Palette!$C$1:$D$20, 2, FALSE), IFERROR(VLOOKUP(Editeur!E9, Palette!$E$1:$F$20, 2, FALSE), ""))) -> #VALUE! | F9: =IFERROR(VLOOKUP(Editeur!F9, Palette!$A$1:$B$20, 2, FALSE), IFERROR(VLOOKUP(Editeur!F9, Palette!$C$1:$D$20, 2, FALSE), IFERROR(VLOOKUP(Editeur!F9, Palette!$E$1:$F$20, 2, FALSE), ""))) -> #VALUE! | G9: =IFERROR(VLOOKUP(Editeur!G9, Palette!$A$1:$B$20, 2, FALSE), IFERROR(VLOOKUP(Editeur!G9, Palette!$C$1:$D$20, 2, FALSE), IFERROR(VLOOKUP(Editeur!G9, Palette!$E$1:$F$20, 2, FALSE), ""))) -> #VALUE! | H9: =IFERROR(VLOOKUP(Editeur!H9, Palette!$A$1:$B$20, 2, FALSE), IFERROR(VLOOKUP(Editeur!H9, Palette!$C$1:$D$20, 2, FALSE), IFERROR(VLOOKUP(Editeur!H9, Palette!$E$1:$F$20, 2, FALSE), ""))) -> #VALUE! | ... CR9: =IFERROR(VLOOKUP(Editeur!CR9, Palette!$A$1:$B$20, 2, FALSE), IFERROR(VLOOKUP(Editeur!CR9, Palette!$C$1:$D$20, 2, FALSE), IFERROR(VLOOKUP(Editeur!CR9, Palette!$E$1:$F$20, 2, FALSE), "")))
A10: =IFERROR(VLOOKUP(Editeur!A10, Palette!$A$1:$B$20, 2, FALSE), IFERROR(VLOOKUP(Editeur!A10, Palette!$C$1:$D$20, 2, FALSE), IFERROR(VLOOKUP(Editeur!A10, Palette!$E$1:$F$20, 2, FALSE), ""))) -> #VALUE! | B10: =IFERROR(VLOOKUP(Editeur!B10, Palette!$A$1:$B$20, 2, FALSE), IFERROR(VLOOKUP(Editeur!B10, Palette!$C$1:$D$20, 2, FALSE), IFERROR(VLOOKUP(Editeur!B10, Palette!$E$1:$F$20, 2, FALSE), ""))) -> #VALUE! | C10: =IFERROR(VLOOKUP(Editeur!C10, Palette!$A$1:$B$20, 2, FALSE), IFERROR(VLOOKUP(Editeur!C10, Palette!$C$1:$D$20, 2, FALSE), IFERROR(VLOOKUP(Editeur!C10, Palette!$E$1:$F$20, 2, FALSE), ""))) -> #VALUE! | D10: =IFERROR(VLOOKUP(Editeur!D10, Palette!$A$1:$B$20, 2, FALSE), IFERROR(VLOOKUP(Editeur!D10, Palette!$C$1:$D$20, 2, FALSE), IFERROR(VLOOKUP(Editeur!D10, Palette!$E$1:$F$20, 2, FALSE), ""))) -> #VALUE! | E10: =IFERROR(VLOOKUP(Editeur!E10, Palette!$A$1:$B$20, 2, FALSE), IFERROR(VLOOKUP(Editeur!E10, Palette!$C$1:$D$20, 2, FALSE), IFERROR(VLOOKUP(Editeur!E10, Palette!$E$1:$F$20, 2, FALSE), ""))) -> #VALUE! | F10: =IFERROR(VLOOKUP(Editeur!F10, Palette!$A$1:$B$20, 2, FALSE), IFERROR(VLOOKUP(Editeur!F10, Palette!$C$1:$D$20, 2, FALSE), IFERROR(VLOOKUP(Editeur!F10, Palette!$E$1:$F$20, 2, FALSE), ""))) -> #VALUE! | G10: =IFERROR(VLOOKUP(Editeur!G10, Palette!$A$1:$B$20, 2, FALSE), IFERROR(VLOOKUP(Editeur!G10, Palette!$C$1:$D$20, 2, FALSE), IFERROR(VLOOKUP(Editeur!G10, Palette!$E$1:$F$20, 2, FALSE), ""))) -> #VALUE! | H10: =IFERROR(VLOOKUP(Editeur!H10, Palette!$A$1:$B$20, 2, FALSE), IFERROR(VLOOKUP(Editeur!H10, Palette!$C$1:$D$20, 2, FALSE), IFERROR(VLOOKUP(Editeur!H10, Palette!$E$1:$F$20, 2, FALSE), ""))) -> #VALUE! | ... CR10: =IFERROR(VLOOKUP(Editeur!CR10, Palette!$A$1:$B$20, 2, FALSE), IFERROR(VLOOKUP(Editeur!CR10, Palette!$C$1:$D$20, 2, FALSE), IFERROR(VLOOKUP(Editeur!CR10, Palette!$E$1:$F$20, 2, FALSE), "")))
A11: =IFERROR(VLOOKUP(Editeur!A11, Palette!$A$1:$B$20, 2, FALSE), IFERROR(VLOOKUP(Editeur!A11, Palette!$C$1:$D$20, 2, FALSE), IFERROR(VLOOKUP(Editeur!A11, Palette!$E$1:$F$20, 2, FALSE), ""))) -> #VALUE! | B11: =IFERROR(VLOOKUP(Editeur!B11, Palette!$A$1:$B$20, 2, FALSE), IFERROR(VLOOKUP(Editeur!B11, Palette!$C$1:$D$20, 2, FALSE), IFERROR(VLOOKUP(Editeur!B11, Palette!$E$1:$F$20, 2, FALSE), ""))) -> #VALUE! | C11: =IFERROR(VLOOKUP(Editeur!C11, Palette!$A$1:$B$20, 2, FALSE), IFERROR(VLOOKUP(Editeur!C11, Palette!$C$1:$D$20, 2, FALSE), IFERROR(VLOOKUP(Editeur!C11, Palette!$E$1:$F$20, 2, FALSE), ""))) -> #VALUE! | D11: =IFERROR(VLOOKUP(Editeur!D11, Palette!$A$1:$B$20, 2, FALSE), IFERROR(VLOOKUP(Editeur!D11, Palette!$C$1:$D$20, 2, FALSE), IFERROR(VLOOKUP(Editeur!D11, Palette!$E$1:$F$20, 2, FALSE), ""))) -> #VALUE! | E11: =IFERROR(VLOOKUP(Editeur!E11, Palette!$A$1:$B$20, 2, FALSE), IFERROR(VLOOKUP(Editeur!E11, Palette!$C$1:$D$20, 2, FALSE), IFERROR(VLOOKUP(Editeur!E11, Palette!$E$1:$F$20, 2, FALSE), ""))) -> #VALUE! | F11: =IFERROR(VLOOKUP(Editeur!F11, Palette!$A$1:$B$20, 2, FALSE), IFERROR(VLOOKUP(Editeur!F11, Palette!$C$1:$D$20, 2, FALSE), IFERROR(VLOOKUP(Editeur!F11, Palette!$E$1:$F$20, 2, FALSE), ""))) -> #VALUE! | G11: =IFERROR(VLOOKUP(Editeur!G11, Palette!$A$1:$B$20, 2, FALSE), IFERROR(VLOOKUP(Editeur!G11, Palette!$C$1:$D$20, 2, FALSE), IFERROR(VLOOKUP(Editeur!G11, Palette!$E$1:$F$20, 2, FALSE), ""))) -> #VALUE! | H11: =IFERROR(VLOOKUP(Editeur!H11, Palette!$A$1:$B$20, 2, FALSE), IFERROR(VLOOKUP(Editeur!H11, Palette!$C$1:$D$20, 2, FALSE), IFERROR(VLOOKUP(Editeur!H11, Palette!$E$1:$F$20, 2, FALSE), ""))) -> #VALUE! | ... CR11: =IFERROR(VLOOKUP(Editeur!CR11, Palette!$A$1:$B$20, 2, FALSE), IFERROR(VLOOKUP(Editeur!CR11, Palette!$C$1:$D$20, 2, FALSE), IFERROR(VLOOKUP(Editeur!CR11, Palette!$E$1:$F$20, 2, FALSE), "")))
A12: =IFERROR(VLOOKUP(Editeur!A12, Palette!$A$1:$B$20, 2, FALSE), IFERROR(VLOOKUP(Editeur!A12, Palette!$C$1:$D$20, 2, FALSE), IFERROR(VLOOKUP(Editeur!A12, Palette!$E$1:$F$20, 2, FALSE), ""))) -> #VALUE! | B12: =IFERROR(VLOOKUP(Editeur!B12, Palette!$A$1:$B$20, 2, FALSE), IFERROR(VLOOKUP(Editeur!B12, Palette!$C$1:$D$20, 2, FALSE), IFERROR(VLOOKUP(Editeur!B12, Palette!$E$1:$F$20, 2, FALSE), ""))) -> #VALUE! | C12: =IFERROR(VLOOKUP(Editeur!C12, Palette!$A$1:$B$20, 2, FALSE), IFERROR(VLOOKUP(Editeur!C12, Palette!$C$1:$D$20, 2, FALSE), IFERROR(VLOOKUP(Editeur!C12, Palette!$E$1:$F$20, 2, FALSE), ""))) -> #VALUE! | D12: =IFERROR(VLOOKUP(Editeur!D12, Palette!$A$1:$B$20, 2, FALSE), IFERROR(VLOOKUP(Editeur!D12, Palette!$C$1:$D$20, 2, FALSE), IFERROR(VLOOKUP(Editeur!D12, Palette!$E$1:$F$20, 2, FALSE), ""))) -> #VALUE! | E12: =IFERROR(VLOOKUP(Editeur!E12, Palette!$A$1:$B$20, 2, FALSE), IFERROR(VLOOKUP(Editeur!E12, Palette!$C$1:$D$20, 2, FALSE), IFERROR(VLOOKUP(Editeur!E12, Palette!$E$1:$F$20, 2, FALSE), ""))) -> #VALUE! | F12: =IFERROR(VLOOKUP(Editeur!F12, Palette!$A$1:$B$20, 2, FALSE), IFERROR(VLOOKUP(Editeur!F12, Palette!$C$1:$D$20, 2, FALSE), IFERROR(VLOOKUP(Editeur!F12, Palette!$E$1:$F$20, 2, FALSE), ""))) -> #VALUE! | G12: =IFERROR(VLOOKUP(Editeur!G12, Palette!$A$1:$B$20, 2, FALSE), IFERROR(VLOOKUP(Editeur!G12, Palette!$C$1:$D$20, 2, FALSE), IFERROR(VLOOKUP(Editeur!G12, Palette!$E$1:$F$20, 2, FALSE), ""))) -> #VALUE! | H12: =IFERROR(VLOOKUP(Editeur!H12, Palette!$A$1:$B$20, 2, FALSE), IFERROR(VLOOKUP(Editeur!H12, Palette!$C$1:$D$20, 2, FALSE), IFERROR(VLOOKUP(Editeur!H12, Palette!$E$1:$F$20, 2, FALSE), ""))) -> #VALUE! | ... CR12: =IFERROR(VLOOKUP(Editeur!CR12, Palette!$A$1:$B$20, 2, FALSE), IFERROR(VLOOKUP(Editeur!CR12, Palette!$C$1:$D$20, 2, FALSE), IFERROR(VLOOKUP(Editeur!CR12, Palette!$E$1:$F$20, 2, FALSE), "")))
... A25: =IFERROR(VLOOKUP(Editeur!A25, Palette!$A$1:$B$20, 2, FALSE), IFERROR(VLOOKUP(Editeur!A25, Palette!$C$1:$D$20, 2, FALSE), IFERROR(VLOOKUP(Editeur!A25, Palette!$E$1:$F$20, 2, FALSE), ""))) -> #VALUE! | B25: =IFERROR(VLOOKUP(Editeur!B25, Palette!$A$1:$B$20, 2, FALSE), IFERROR(VLOOKUP(Editeur!B25, Palette!$C$1:$D$20, 2, FALSE), IFERROR(VLOOKUP(Editeur!B25, Palette!$E$1:$F$20, 2, FALSE), ""))) -> #VALUE! | C25: =IFERROR(VLOOKUP(Editeur!C25, Palette!$A$1:$B$20, 2, FALSE), IFERROR(VLOOKUP(Editeur!C25, Palette!$C$1:$D$20, 2, FALSE), IFERROR(VLOOKUP(Editeur!C25, Palette!$E$1:$F$20, 2, FALSE), ""))) -> #VALUE! | D25: =IFERROR(VLOOKUP(Editeur!D25, Palette!$A$1:$B$20, 2, FALSE), IFERROR(VLOOKUP(Editeur!D25, Palette!$C$1:$D$20, 2, FALSE), IFERROR(VLOOKUP(Editeur!D25, Palette!$E$1:$F$20, 2, FALSE), ""))) -> #VALUE! | E25: =IFERROR(VLOOKUP(Editeur!E25, Palette!$A$1:$B$20, 2, FALSE), IFERROR(VLOOKUP(Editeur!E25, Palette!$C$1:$D$20, 2, FALSE), IFERROR(VLOOKUP(Editeur!E25, Palette!$E$1:$F$20, 2, FALSE), ""))) -> #VALUE! | F25: =IFERROR(VLOOKUP(Editeur!F25, Palette!$A$1:$B$20, 2, FALSE), IFERROR(VLOOKUP(Editeur!F25, Palette!$C$1:$D$20, 2, FALSE), IFERROR(VLOOKUP(Editeur!F25, Palette!$E$1:$F$20, 2, FALSE), ""))) -> #VALUE! | G25: =IFERROR(VLOOKUP(Editeur!G25, Palette!$A$1:$B$20, 2, FALSE), IFERROR(VLOOKUP(Editeur!G25, Palette!$C$1:$D$20, 2, FALSE), IFERROR(VLOOKUP(Editeur!G25, Palette!$E$1:$F$20, 2, FALSE), ""))) -> #VALUE! | H25: =IFERROR(VLOOKUP(Editeur!H25, Palette!$A$1:$B$20, 2, FALSE), IFERROR(VLOOKUP(Editeur!H25, Palette!$C$1:$D$20, 2, FALSE), IFERROR(VLOOKUP(Editeur!H25, Palette!$E$1:$F$20, 2, FALSE), ""))) -> #VALUE! | ... CR25: =IFERROR(VLOOKUP(Editeur!CR25, Palette!$A$1:$B$20, 2, FALSE), IFERROR(VLOOKUP(Editeur!CR25, Palette!$C$1:$D$20, 2, FALSE), IFERROR(VLOOKUP(Editeur!CR25, Palette!$E$1:$F$20, 2, FALSE), "")))
